descricao;quantidade;pagina;cod_produto
ABAMEX MAXX 1 LT;8;1
ACTARA 250 WG 1 KG;19;1
ACTARA 250 WG 100 GRS;26;1
ADESIL 1 LT;1;1
ADESIL 5 LT;22;1
AFALON L;1;1
ALTACOR;11;1
AMISTAR TOP 1L;5;1
AMISTAR TOP 250 ML;24;1
AMISTAR WG 100 G;44;1
APPROVE KG;9;1
ARTYS 20LT;8;1
ARTYS 5 LT;16;1
ARTYS LT;2;1
BRILHANTE BR 1 L;4;1
BRILHANTE BR 5L;2;1
CARTARYS KG;10;1
CERCOBIN 875WG - 12X1 KG;14;1
COLLIS -LITRO;4;1
COMET- LITRO;10;1
CONNECT SC 112,5 LT;6;1
DECIS 1LT;6;1
DECIS EC250ML;1;1
DELEGATE 120 GR;4;2
DELEGATE 500GR;1;2;05094
DEMOLIDOR KG;5;2
DIMEXIOM LT;2;2
DORMEX;1;2
EPINGLE L;31;2
EVENTRA;1;2
EVIDENCE WG70 30 GR;32;2
FALCON;4;2
FASTAC 100-CE 1 LT;13;2
FLEX 1 LT;1;2
GALIGAN 5L;1;2
GALIGAN LT;18;2
IMIDAGOLD;22;2
IMUNIT - LITRO;5;2
KAISO LT;6;2
KASUMIN LITRO;37;2
KLORPAN- 1 LT;13;3
LANATE 1 LT;7;3
LANNATE 10L;2;3
MANZATE WG 1 KG;58;3
MATRINE L;57;3
METILTIOFAN 1KG;2;3
MIRAVIS DUO;14;3
MUSTANG LT;5;3
NATIVO SC300 LT;6;3
NUFURON 10 GR;525;3
OBERON 240 SC;3;3
OKAY;2;3
OMITE 1 LT;9;3
ORKESTRA SC 01 LT;5;3
PADRON 5LT;15;3
PADRON LT;23;3
PIRATE LT;22;3
PODIUM;3;3
POLYTRIN 5 LT;3;3
PRIORI XTRA;24;3
REGLONE 01 LIT;6;3
REGLONE 5 LT;5;4
RIDOMIL GOLD MZ 680 WG 12X1;4;4
ROUNDUP ORIGINAL DI 20 LT;1;4
ROUNDUP ORIGINAL MAIS DI 5LT;7;4
ROUNDUP ORIGINAL MAIS DI LT;11;4
ROUNDUP WG/ULTRA 05 KGS;2;4
SCORE 1LT;2;4
SELECT L;42;4
SIALEX 1KG;12;4
SPERTO KG;49;4
SUMYZIN L;4;4
TENAZ LT;15;4
TORDON ULTRA-S;2;4;02867
TRINCA CAPS L;29;4
TRUNFO 5L;10;4
U46 BR 1 LT;26;4
VERDADERO;4;4
VERDICT MAXX;7;4
VERTMEC 18 EC;22;4
VERTMEC 84;19;4
YAMATO;2;4
ZAPP QI 620 12X1 L BRA;7;4
ZAPP QI 620 5 LT;16;4
ZAPP QI620 20 LT;1;4
ORTHENE 5KG;4;5
OBNV;43;5;09753
GLUFORCE;4;5
DUAL GOLD 5LT;4;5
NIMAXXA;10;5
CONSTEL;15;5
LIGERO;14;5
MELYRA;6;5
AVATAR;5;5
SWITCH;7;5
PROPOSE 5LT;4;5
ZARTAN;195;5
TORDON 10LT;2;5
DISPARO;11;5
AURORA;4;5
ENGEO PLENO;5;5
ENGEO PLENO 250ML;3;5
